X,Y,TOP_RDG,BOTTOM_RDG,VRT_GRAD,TIME,DATE,LINE,MARK
13.000,0.000,39228.981,39300.196,71.215,21:02:14.10,10/22/24,13,0
13.000,1.000,39218.526,39265.011,46.485,21:02:06.70,10/22/24,13,1
13.000,2.000,39167.463,39244.458,76.995,21:02:01.50,10/22/24,13,2
13.000,3.000,39113.967,39162.062,48.095,21:01:56.40,10/22/24,13,3
13.000,4.000,39047.295,39212.531,165.236,21:01:50.60,10/22/24,13,4
13.000,5.000,38945.883,39104.750,158.867,21:01:43.80,10/22/24,13,5
13.000,6.000,38851.422,38945.984,94.562,21:01:38.90,10/22/24,13,6
13.000,7.000,38733.148,38750.423,17.275,21:01:32.20,10/22/24,13,7
13.000,8.000,38637.870,38571.421,-66.449,21:01:24.10,10/22/24,13,8
13.000,9.000,38559.104,38493.520,-65.584,21:01:15.40,10/22/24,13,9
13.000,10.000,38527.868,38430.941,-96.927,21:01:09.30,10/22/24,13,10
13.000,11.000,38522.964,38406.748,-116.216,21:01:03.90,10/22/24,13,11
13.000,12.000,38550.206,38482.278,-67.928,21:00:55.70,10/22/24,13,12
13.000,13.000,38594.446,38707.015,112.569,21:00:46.50,10/22/24,13,13
13.000,14.000,38602.349,38759.404,157.055,21:00:37.60,10/22/24,13,14
13.000,15.000,38563.642,38722.377,158.735,21:00:29.20,10/22/24,13,15
13.000,16.000,38458.459,38478.442,19.983,21:00:21.60,10/22/24,13,16
13.000,17.000,38348.725,38230.094,-118.631,21:00:14.20,10/22/24,13,17
13.000,18.000,38255.711,38022.378,-233.333,21:00:07.00,10/22/24,13,18
13.000,19.000,38239.309,38017.626,-221.683,21:00:00.00,10/22/24,13,19
13.000,20.000,38315.231,38276.770,-38.461,20:59:53.70,10/22/24,13,20
13.000,21.000,38391.863,38353.217,-38.646,20:59:47.00,10/22/24,13,21
13.000,22.000,38467.302,38481.816,14.514,20:59:41.50,10/22/24,13,22
13.000,23.000,38513.913,38569.839,55.926,20:59:37.40,10/22/24,13,23
13.000,24.000,38506.297,38530.414,24.117,20:59:28.80,10/22/24,13,24
13.000,25.000,38458.442,38809.288,350.846,20:59:16.50,10/22/24,13,25
13.000,26.000,38396.215,38442.071,45.856,20:59:10.20,10/22/24,13,26
13.000,27.000,38359.999,38080.847,-279.152,20:59:03.90,10/22/24,13,27
13.000,28.000,38362.707,38139.723,-222.984,20:59:00.30,10/22/24,13,28
13.000,29.000,38422.504,38423.511,1.007,20:58:55.00,10/22/24,13,29
13.000,30.000,38465.157,38313.066,-152.091,20:58:45.50,10/22/24,13,30
13.000,31.000,38539.610,38436.838,-102.772,20:58:39.00,10/22/24,13,31
13.000,32.000,38655.766,38337.273,-318.493,20:58:30.80,10/22/24,13,32
13.000,33.000,38832.415,38476.361,-356.054,20:58:24.30,10/22/24,13,33
13.000,34.000,38989.631,38718.396,-271.235,20:58:16.20,10/22/24,13,34
13.000,35.000,39117.157,39617.809,500.652,20:58:07.30,10/22/24,13,35
13.000,36.000,39164.196,39695.060,530.864,20:57:54.40,10/22/24,13,36
13.000,37.000,39118.456,39198.571,80.115,20:57:42.70,10/22/24,13,37
13.000,38.000,39059.314,39141.041,81.727,20:57:34.60,10/22/24,13,38
13.000,39.000,38982.013,39025.099,43.086,20:57:28.40,10/22/24,13,39
13.000,40.000,38900.999,38824.480,-76.519,20:57:21.30,10/22/24,13,40
13.000,41.000,38839.714,38829.824,-9.890,20:57:14.50,10/22/24,13,41
13.000,42.000,38805.906,38948.591,142.685,20:57:05.50,10/22/24,13,42
13.000,43.000,38763.830,38669.566,-94.264,20:56:57.60,10/22/24,13,43
13.000,44.000,38712.153,38689.285,-22.868,20:56:53.10,10/22/24,13,44
13.000,45.000,38711.527,38752.092,40.565,20:56:49.20,10/22/24,13,45
13.000,46.000,38704.106,38622.017,-82.089,20:56:43.80,10/22/24,13,46
13.000,47.000,38706.672,38724.431,17.759,20:56:35.50,10/22/24,13,47
13.000,48.000,38711.447,38828.521,117.074,20:56:27.00,10/22/24,13,48
13.000,49.000,38728.601,38716.629,-11.972,20:56:22.80,10/22/24,13,49
13.000,50.000,38747.411,38981.293,233.882,20:56:15.60,10/22/24,13,50
13.000,51.000,38751.493,38734.204,-17.289,20:56:11.40,10/22/24,13,51
13.000,52.000,38764.958,38804.818,39.860,20:56:07.50,10/22/24,13,52
13.000,53.000,38768.297,38896.415,128.118,20:56:00.00,10/22/24,13,53
13.000,54.000,38738.465,38832.846,94.381,20:55:55.30,10/22/24,13,54
13.000,55.000,38650.188,38413.610,-236.578,20:55:50.00,10/22/24,13,55
13.000,56.000,38620.693,38562.539,-58.154,20:55:45.70,10/22/24,13,56
13.000,57.000,38598.726,38497.674,-101.052,20:55:42.10,10/22/24,13,57
13.000,58.000,38584.986,38691.656,106.670,20:55:38.10,10/22/24,13,58
13.000,59.000,38523.071,38318.040,-205.031,20:55:33.60,10/22/24,13,59
13.000,60.000,38503.509,38398.700,-104.809,20:55:29.40,10/22/24,13,60
12.000,60.000,38482.653,38268.854,-213.799,20:51:52.70,10/22/24,12,60
12.000,59.000,38519.150,38544.453,25.303,20:51:43.60,10/22/24,12,59
12.000,58.000,38552.325,38415.659,-136.666,20:51:36.10,10/22/24,12,58
12.000,57.000,38586.896,38374.131,-212.765,20:51:30.20,10/22/24,12,57
12.000,56.000,38631.647,38694.254,62.607,20:51:23.40,10/22/24,12,56
12.000,55.000,38677.495,38671.424,-6.071,20:51:16.70,10/22/24,12,55
12.000,54.000,38725.421,38732.269,6.848,20:51:08.80,10/22/24,12,54
12.000,53.000,38774.799,38813.573,38.774,20:51:01.30,10/22/24,12,53
12.000,52.000,38786.097,38839.992,53.895,20:50:56.30,10/22/24,12,52
12.000,51.000,38790.322,38922.001,131.679,20:50:51.40,10/22/24,12,51
12.000,50.000,38781.205,38865.891,84.686,20:50:45.80,10/22/24,12,50
12.000,49.000,38754.087,38754.990,0.903,20:50:39.80,10/22/24,12,49
12.000,48.000,38730.033,38781.426,51.393,20:50:31.90,10/22/24,12,48
12.000,47.000,38701.273,38599.757,-101.516,20:50:25.70,10/22/24,12,47
12.000,46.000,38698.512,38645.060,-53.452,20:50:20.80,10/22/24,12,46
12.000,45.000,38702.853,38598.768,-104.085,20:50:11.40,10/22/24,12,45
12.000,44.000,38707.484,38863.435,155.951,20:50:03.30,10/22/24,12,44
12.000,43.000,38686.581,38640.269,-46.312,20:49:56.10,10/22/24,12,43
12.000,42.000,38687.716,38501.672,-186.044,20:49:49.90,10/22/24,12,42
12.000,41.000,38753.272,38747.341,-5.931,20:49:43.90,10/22/24,12,41
12.000,40.000,38844.253,39293.053,448.800,20:49:37.10,10/22/24,12,40
12.000,39.000,38925.272,38873.096,-52.176,20:49:27.80,10/22/24,12,39
12.000,38.000,39034.896,39043.540,8.644,20:49:18.60,10/22/24,12,38
12.000,37.000,39127.664,39309.516,181.852,20:49:12.20,10/22/24,12,37
12.000,36.000,39216.050,39464.792,248.742,20:49:04.90,10/22/24,12,36
12.000,35.000,39115.422,39510.508,395.086,20:48:57.30,10/22/24,12,35
12.000,34.000,38960.033,39139.292,179.259,20:48:51.30,10/22/24,12,34
12.000,33.000,38777.377,39014.609,237.232,20:48:23.00,10/22/24,12,33
12.000,32.000,38634.568,38569.979,-64.589,20:48:17.20,10/22/24,12,32
12.000,31.000,38512.433,38484.851,-27.582,20:48:10.10,10/22/24,12,31
12.000,30.000,38421.313,38232.552,-188.761,20:48:00.80,10/22/24,12,30
12.000,29.000,38373.883,38432.253,58.370,20:47:51.80,10/22/24,12,29
12.000,28.000,38317.323,38120.786,-196.537,20:47:45.70,10/22/24,12,28
12.000,27.000,38284.091,38058.755,-225.336,20:47:38.20,10/22/24,12,27
12.000,26.000,38286.772,37912.248,-374.524,20:47:32.80,10/22/24,12,26
12.000,25.000,38324.002,37788.663,-535.339,20:47:25.50,10/22/24,12,25
12.000,24.000,38455.112,38540.480,85.368,20:47:18.20,10/22/24,12,24
12.000,23.000,38532.907,38580.725,47.818,20:47:11.50,10/22/24,12,23
12.000,22.000,38522.669,38616.090,93.421,20:47:06.10,10/22/24,12,22
12.000,21.000,38465.533,38466.794,1.261,20:47:02.00,10/22/24,12,21
12.000,20.000,38374.238,38238.825,-135.413,20:46:57.90,10/22/24,12,20
12.000,19.000,38286.087,38016.789,-269.298,20:46:54.00,10/22/24,12,19
12.000,18.000,38223.993,37849.373,-374.620,20:46:49.70,10/22/24,12,18
12.000,17.000,38255.388,37982.450,-272.938,20:46:45.20,10/22/24,12,17
12.000,16.000,38360.601,38273.170,-87.431,20:46:39.40,10/22/24,12,16
12.000,15.000,38475.465,38497.343,21.878,20:46:34.20,10/22/24,12,15
12.000,14.000,38530.397,38594.811,64.414,20:46:28.80,10/22/24,12,14
12.000,13.000,38543.631,38618.473,74.842,20:46:21.30,10/22/24,12,13
12.000,12.000,38527.596,38485.074,-42.522,20:46:13.20,10/22/24,12,12
12.000,11.000,38500.812,38463.508,-37.304,20:46:06.40,10/22/24,12,11
12.000,10.000,38475.526,38433.195,-42.331,20:45:58.10,10/22/24,12,10
12.000,9.000,38480.199,38406.429,-73.770,20:45:45.50,10/22/24,12,9
12.000,8.000,38527.333,38473.919,-53.414,20:45:33.40,10/22/24,12,8
12.000,7.000,38599.341,38511.166,-88.175,20:45:24.70,10/22/24,12,7
12.000,6.000,38691.069,38713.294,22.225,20:45:15.80,10/22/24,12,6
12.000,5.000,38791.050,38777.870,-13.180,20:45:06.20,10/22/24,12,5
12.000,4.000,38901.473,38950.424,48.951,20:45:00.00,10/22/24,12,4
12.000,3.000,39038.560,39122.614,84.054,20:44:52.20,10/22/24,12,3
12.000,2.000,39187.744,39293.815,106.071,20:44:45.20,10/22/24,12,2
12.000,1.000,39299.978,39549.513,249.535,20:44:38.70,10/22/24,12,1
12.000,0.000,39346.008,39571.633,225.625,20:44:31.30,10/22/24,12,0
11.000,0.000,39506.926,39943.940,437.014,20:41:52.50,10/22/24,11,0
11.000,1.000,39418.900,39896.630,477.730,20:41:36.30,10/22/24,11,1
11.000,2.000,39248.942,39514.822,265.880,20:41:29.90,10/22/24,11,2
11.000,3.000,39045.307,39212.348,167.041,20:41:23.90,10/22/24,11,3
11.000,4.000,38842.901,38760.234,-82.667,20:41:17.00,10/22/24,11,4
11.000,5.000,38690.642,38579.605,-111.037,20:41:11.60,10/22/24,11,5
11.000,6.000,38590.944,38605.873,14.929,20:41:04.60,10/22/24,11,6
11.000,7.000,38528.194,38509.441,-18.753,20:40:59.10,10/22/24,11,7
11.000,8.000,38446.371,38339.522,-106.849,20:40:53.20,10/22/24,11,8
11.000,9.000,38388.132,38267.561,-120.571,20:40:46.70,10/22/24,11,9
11.000,10.000,38388.790,38332.888,-55.902,20:40:39.90,10/22/24,11,10
11.000,11.000,38420.448,38375.662,-44.786,20:40:29.40,10/22/24,11,11
11.000,12.000,38447.244,38481.974,34.730,20:40:24.30,10/22/24,11,12
11.000,13.000,38456.445,38503.768,47.323,20:40:18.40,10/22/24,11,13
11.000,14.000,38434.509,38370.963,-63.546,20:40:10.30,10/22/24,11,14
11.000,15.000,38402.963,38330.663,-72.300,20:39:57.40,10/22/24,11,15
11.000,16.000,38351.216,38354.105,2.889,20:39:45.00,10/22/24,11,16
11.000,17.000,38292.454,38125.438,-167.016,20:39:33.50,10/22/24,11,17
11.000,18.000,38287.656,38151.189,-136.467,20:39:26.60,10/22/24,11,18
11.000,19.000,38362.072,38256.320,-105.752,20:39:14.10,10/22/24,11,19
11.000,20.000,38470.174,38427.630,-42.544,20:38:59.30,10/22/24,11,20
11.000,21.000,38544.168,38651.959,107.791,20:38:50.80,10/22/24,11,21
11.000,22.000,38593.743,38640.898,47.155,20:38:43.60,10/22/24,11,22
11.000,23.000,38581.406,38687.639,106.233,20:38:36.90,10/22/24,11,23
11.000,24.000,38489.535,38452.645,-36.890,20:38:30.60,10/22/24,11,24
11.000,25.000,38375.692,38432.714,57.022,20:38:24.50,10/22/24,11,25
11.000,26.000,38328.712,38168.146,-160.566,20:38:18.90,10/22/24,11,26
11.000,27.000,38313.677,38187.718,-125.959,20:38:13.40,10/22/24,11,27
11.000,28.000,38318.774,38099.764,-219.010,20:38:07.60,10/22/24,11,28
11.000,29.000,38334.381,38196.383,-137.998,20:38:00.30,10/22/24,11,29
11.000,30.000,38352.881,38116.040,-236.841,20:37:52.90,10/22/24,11,30
11.000,31.000,38430.533,38267.262,-163.271,20:37:44.90,10/22/24,11,31
11.000,32.000,38540.837,38342.312,-198.525,20:37:36.60,10/22/24,11,32
11.000,33.000,38686.151,38710.732,24.581,20:37:31.30,10/22/24,11,33
11.000,34.000,38856.948,38912.010,55.062,20:37:26.10,10/22/24,11,34
11.000,35.000,39052.928,39484.737,431.809,20:37:20.00,10/22/24,11,35
11.000,36.000,39118.213,39556.784,438.571,20:37:13.60,10/22/24,11,36
11.000,37.000,39054.916,39379.594,324.678,20:37:07.00,10/22/24,11,37
11.000,38.000,38941.943,39160.801,218.858,20:36:58.90,10/22/24,11,38
11.000,39.000,38847.585,38835.497,-12.088,20:36:52.30,10/22/24,11,39
11.000,40.000,38754.903,38737.974,-16.929,20:36:45.60,10/22/24,11,40
11.000,41.000,38664.361,38578.498,-85.863,20:36:39.80,10/22/24,11,41
11.000,42.000,38616.090,38415.788,-200.302,20:36:34.60,10/22/24,11,42
11.000,43.000,38643.018,41365.082,2722.064,20:36:28.90,10/22/24,11,43
11.000,44.000,38684.464,38781.197,96.733,20:36:23.20,10/22/24,11,44
11.000,45.000,38710.217,38715.735,5.518,20:36:16.50,10/22/24,11,45
11.000,46.000,38720.323,38810.459,90.136,20:36:06.90,10/22/24,11,46
11.000,47.000,38732.909,38732.641,-0.268,20:36:00.80,10/22/24,11,47
11.000,48.000,38770.647,38837.838,67.191,20:35:54.80,10/22/24,11,48
11.000,49.000,38786.957,38787.296,0.339,20:35:47.70,10/22/24,11,49
11.000,50.000,38797.555,39016.540,218.985,20:35:43.30,10/22/24,11,50
11.000,51.000,38776.094,38604.916,-171.178,20:35:38.50,10/22/24,11,51
11.000,52.000,38785.303,38658.181,-127.122,20:35:33.70,10/22/24,11,52
11.000,53.000,38810.639,38801.949,-8.690,20:35:27.80,10/22/24,11,53
11.000,54.000,38788.569,38948.615,160.046,20:35:20.20,10/22/24,11,54
11.000,55.000,38727.005,38713.335,-13.670,20:35:12.70,10/22/24,11,55
11.000,56.000,38663.681,38499.158,-164.523,20:35:02.80,10/22/24,11,56
11.000,57.000,38619.571,38535.180,-84.391,20:34:56.90,10/22/24,11,57
11.000,58.000,38588.176,38521.603,-66.573,20:34:50.10,10/22/24,11,58
11.000,59.000,26858.453,26893.833,35.380,20:34:36.40,10/22/24,11,59
11.000,60.000,0.000,0.000,0.000,19:35:27.90,10/22/24,11,60
10.000,10.000,38367.228,38322.929,-44.299,19:23:10.30,10/22/24,10,10
10.000,9.000,38351.586,38218.351,-133.235,19:22:54.10,10/22/24,10,9
10.000,8.000,38373.896,38200.829,-173.067,19:22:47.70,10/22/24,10,8
10.000,7.000,38427.661,38306.023,-121.638,19:22:36.00,10/22/24,10,7
10.000,6.000,38514.903,38392.108,-122.795,19:22:23.60,10/22/24,10,6
10.000,5.000,38626.214,38466.345,-159.869,19:22:14.10,10/22/24,10,5
10.000,4.000,38819.340,38804.215,-15.125,19:22:05.00,10/22/24,10,4
10.000,3.000,39012.756,39110.245,97.489,19:21:56.30,10/22/24,10,3
10.000,2.000,39233.069,39423.152,190.083,19:21:44.20,10/22/24,10,2
10.000,1.000,39436.160,39876.489,440.329,19:21:33.20,10/22/24,10,1
10.000,0.000,39544.041,40024.068,480.027,19:21:20.60,10/22/24,10,0
9.000,0.000,39498.704,39945.129,446.425,19:17:19.80,10/22/24,9,0
9.000,1.000,39334.805,39673.557,338.752,19:16:57.00,10/22/24,9,1
9.000,2.000,39134.584,39353.719,219.135,19:16:50.60,10/22/24,9,2
9.000,3.000,38914.326,38942.682,28.356,19:16:44.50,10/22/24,9,3
9.000,4.000,38683.935,38679.228,-4.707,19:16:36.90,10/22/24,9,4
9.000,5.000,38541.523,38378.369,-163.154,19:16:30.20,10/22/24,9,5
9.000,6.000,38415.614,38294.670,-120.944,19:16:23.00,10/22/24,9,6
9.000,7.000,38345.678,38194.923,-150.755,19:16:16.20,10/22/24,9,7
9.000,8.000,38298.966,38102.410,-196.556,19:16:07.40,10/22/24,9,8
9.000,9.000,38293.693,38115.990,-177.703,19:16:01.00,10/22/24,9,9
9.000,10.000,38319.696,38189.534,-130.162,19:15:54.70,10/22/24,9,10
9.000,11.000,38348.031,38275.325,-72.706,19:15:47.80,10/22/24,9,11
9.000,12.000,38370.820,38334.039,-36.781,19:15:41.30,10/22/24,9,12
9.000,13.000,38372.004,38278.133,-93.871,19:15:34.70,10/22/24,9,13
9.000,14.000,38370.630,38264.032,-106.598,19:15:27.70,10/22/24,9,14
9.000,15.000,38367.098,38318.170,-48.928,19:15:20.40,10/22/24,9,15
9.000,16.000,38368.147,38280.178,-87.969,19:15:13.70,10/22/24,9,16
9.000,17.000,38386.997,38283.767,-103.230,19:15:07.00,10/22/24,9,17
9.000,18.000,38441.827,38334.867,-106.960,19:15:00.10,10/22/24,9,18
9.000,19.000,38528.602,38636.592,107.990,19:14:53.40,10/22/24,9,19
9.000,20.000,38601.407,38709.831,108.424,19:14:46.70,10/22/24,9,20
9.000,21.000,38669.616,38817.839,148.223,19:14:39.90,10/22/24,9,21
9.000,22.000,38716.766,38929.099,212.333,19:14:33.30,10/22/24,9,22
9.000,23.000,38705.683,38929.777,224.094,19:14:26.70,10/22/24,9,23
9.000,24.000,38625.632,38810.055,184.423,19:14:20.10,10/22/24,9,24
9.000,25.000,38538.773,38572.345,33.572,19:14:11.60,10/22/24,9,25
9.000,26.000,38489.548,38526.979,37.431,19:14:03.20,10/22/24,9,26
9.000,27.000,38460.282,38453.058,-7.224,19:13:56.00,10/22/24,9,27
9.000,28.000,38455.778,38458.789,3.011,19:13:48.60,10/22/24,9,28
9.000,29.000,38447.732,38454.656,6.924,19:13:40.90,10/22/24,9,29
9.000,30.000,38420.742,38353.685,-67.057,19:13:32.80,10/22/24,9,30
9.000,31.000,38396.960,38190.323,-206.637,19:13:22.20,10/22/24,9,31
9.000,32.000,38412.990,38204.216,-208.774,19:13:08.70,10/22/24,9,32
9.000,33.000,38449.248,38281.654,-167.594,19:13:01.90,10/22/24,9,33
9.000,34.000,38512.160,38340.495,-171.665,19:12:54.80,10/22/24,9,34
9.000,35.000,38591.848,38487.702,-104.146,19:12:46.70,10/22/24,9,35
9.000,36.000,38718.412,38579.389,-139.023,19:12:25.00,10/22/24,9,36
9.000,37.000,38743.406,38734.834,-8.572,19:12:12.80,10/22/24,9,37
9.000,38.000,38766.654,38777.013,10.359,19:12:04.00,10/22/24,9,38
9.000,39.000,38740.061,38688.672,-51.389,19:11:55.90,10/22/24,9,39
9.000,40.000,38711.365,38679.719,-31.646,19:11:49.20,10/22/24,9,40
9.000,41.000,38691.888,38680.818,-11.070,19:11:41.40,10/22/24,9,41
9.000,42.000,38679.061,38671.320,-7.741,19:11:34.00,10/22/24,9,42
9.000,43.000,38667.248,38568.757,-98.491,19:11:27.10,10/22/24,9,43
9.000,44.000,38679.446,38564.326,-115.120,19:11:17.60,10/22/24,9,44
9.000,45.000,38715.763,38707.419,-8.344,19:11:09.60,10/22/24,9,45
9.000,46.000,38754.333,38760.851,6.518,19:11:01.10,10/22/24,9,46
9.000,47.000,38786.323,38831.176,44.853,19:10:52.70,10/22/24,9,47
9.000,48.000,38814.774,38860.111,45.337,19:10:35.40,10/22/24,9,48
9.000,49.000,38851.123,38909.517,58.394,19:10:26.90,10/22/24,9,49
9.000,50.000,38862.162,38876.610,14.448,19:10:15.70,10/22/24,9,50
9.000,51.000,38858.752,38819.743,-39.009,19:09:50.90,10/22/24,9,51
9.000,52.000,38884.723,38923.094,38.371,19:09:35.60,10/22/24,9,52
9.000,53.000,38900.665,38995.246,94.581,19:09:26.10,10/22/24,9,53
9.000,54.000,38900.116,38983.924,83.808,19:09:15.60,10/22/24,9,54
9.000,55.000,38855.879,38917.659,61.780,19:08:57.00,10/22/24,9,55
9.000,56.000,38799.565,38805.091,5.526,19:08:47.20,10/22/24,9,56
9.000,57.000,38754.967,38817.719,62.752,19:08:35.10,10/22/24,9,57
9.000,58.000,38692.093,38660.470,-31.623,19:08:20.80,10/22/24,9,58
9.000,59.000,38634.864,38495.161,-139.703,19:08:12.10,10/22/24,9,59
9.000,60.000,38626.737,38516.915,-109.822,19:08:01.80,10/22/24,9,60
8.000,60.000,38652.811,38552.264,-100.547,19:01:49.70,10/22/24,8,60
8.000,59.000,38685.458,38637.542,-47.916,19:01:38.80,10/22/24,8,59
8.000,58.000,38741.955,38756.032,14.077,19:01:31.60,10/22/24,8,58
8.000,57.000,38806.201,38848.062,41.861,19:01:24.30,10/22/24,8,57
8.000,56.000,38855.534,38904.713,49.179,19:01:17.40,10/22/24,8,56
8.000,55.000,38908.296,38979.015,70.719,19:01:10.30,10/22/24,8,55
8.000,54.000,38939.739,39066.197,126.458,19:01:03.20,10/22/24,8,54
8.000,53.000,38941.796,39053.523,111.727,19:00:56.40,10/22/24,8,53
8.000,52.000,38923.024,38985.697,62.673,19:00:48.50,10/22/24,8,52
8.000,51.000,38910.720,39002.971,92.251,19:00:36.00,10/22/24,8,51
8.000,50.000,38901.706,39019.664,117.958,19:00:27.60,10/22/24,8,50
8.000,49.000,38875.916,38952.503,76.587,19:00:18.80,10/22/24,8,49
8.000,48.000,38827.652,38827.186,-0.466,19:00:11.50,10/22/24,8,48
8.000,47.000,38790.930,38796.688,5.758,18:59:57.70,10/22/24,8,47
8.000,46.000,38750.318,38734.791,-15.527,18:59:51.00,10/22/24,8,46
8.000,45.000,38721.937,38702.202,-19.735,18:59:43.00,10/22/24,8,45
8.000,44.000,38700.094,38634.366,-65.728,18:59:36.00,10/22/24,8,44
8.000,43.000,38703.096,38686.927,-16.169,18:59:28.00,10/22/24,8,43
8.000,42.000,38716.555,38772.586,56.031,18:59:19.40,10/22/24,8,42
8.000,41.000,38719.550,38738.583,19.033,18:59:12.50,10/22/24,8,41
8.000,40.000,38723.474,38667.022,-56.452,18:59:05.30,10/22/24,8,40
8.000,39.000,38735.655,38771.381,35.726,18:58:58.80,10/22/24,8,39
8.000,38.000,38729.574,38720.930,-8.644,18:58:51.70,10/22/24,8,38
8.000,37.000,38679.607,38589.699,-89.908,18:58:45.10,10/22/24,8,37
8.000,36.000,38577.573,38307.141,-270.432,18:58:38.50,10/22/24,8,36
8.000,35.000,38508.556,38236.387,-272.169,18:58:31.60,10/22/24,8,35
8.000,34.000,38441.015,38126.458,-314.557,18:58:25.10,10/22/24,8,34
8.000,33.000,38420.084,38183.789,-236.295,18:58:18.60,10/22/24,8,33
8.000,32.000,38422.719,38263.590,-159.129,18:58:12.60,10/22/24,8,32
8.000,31.000,38428.686,38277.745,-150.941,18:58:06.20,10/22/24,8,31
8.000,30.000,38457.763,38441.287,-16.476,18:57:58.60,10/22/24,8,30
8.000,29.000,38483.618,38541.662,58.044,18:57:50.90,10/22/24,8,29
8.000,28.000,38490.057,38530.908,40.851,18:57:42.90,10/22/24,8,28
8.000,27.000,38484.970,38472.470,-12.500,18:57:33.70,10/22/24,8,27
8.000,26.000,38499.631,38481.722,-17.909,18:57:27.10,10/22/24,8,26
8.000,25.000,38540.114,38514.929,-25.185,18:57:12.60,10/22/24,8,25
8.000,24.000,38618.978,38648.209,29.231,18:57:01.20,10/22/24,8,24
8.000,23.000,38702.639,38875.519,172.880,18:56:50.40,10/22/24,8,23
8.000,22.000,38735.987,38994.049,258.062,18:56:40.60,10/22/24,8,22
8.000,21.000,38700.706,38746.655,45.949,18:56:28.20,10/22/24,8,21
8.000,20.000,38657.185,38808.129,150.944,18:56:13.80,10/22/24,8,20
8.000,19.000,38596.035,38593.115,-2.920,18:56:03.70,10/22/24,8,19
8.000,18.000,38509.112,38472.094,-37.018,18:55:52.00,10/22/24,8,18
8.000,17.000,38443.233,38376.895,-66.338,18:55:40.80,10/22/24,8,17
8.000,16.000,38391.315,38241.260,-150.055,18:55:34.10,10/22/24,8,16
8.000,15.000,38373.765,38182.740,-191.025,18:55:27.10,10/22/24,8,15
8.000,14.000,38379.383,38286.638,-92.745,18:55:18.00,10/22/24,8,14
8.000,13.000,38378.474,38290.409,-88.065,18:55:09.50,10/22/24,8,13
8.000,12.000,38359.481,38308.169,-51.312,18:54:56.40,10/22/24,8,12
8.000,11.000,38336.372,38215.323,-121.049,18:54:46.00,10/22/24,8,11
8.000,10.000,38315.673,38234.374,-81.299,18:54:29.90,10/22/24,8,10
8.000,9.000,38286.488,38187.160,-99.328,18:54:18.00,10/22/24,8,9
8.000,8.000,38269.434,38093.460,-175.974,18:54:10.70,10/22/24,8,8
8.000,7.000,38298.199,38106.771,-191.428,18:54:02.50,10/22/24,8,7
8.000,6.000,38369.288,38199.533,-169.755,18:53:52.70,10/22/24,8,6
8.000,5.000,38469.617,38355.020,-114.597,18:53:44.80,10/22/24,8,5
8.000,4.000,38617.242,38486.597,-130.645,18:53:35.00,10/22/24,8,4
8.000,3.000,38818.508,38724.869,-93.639,18:53:22.00,10/22/24,8,3
8.000,2.000,39012.595,39107.726,95.131,18:53:13.60,10/22/24,8,2
8.000,1.000,39213.194,39440.457,227.263,18:53:05.70,10/22/24,8,1
8.000,0.000,39361.880,39677.321,315.441,18:52:57.40,10/22/24,8,0
7.000,0.000,39199.160,39441.220,242.060,18:48:02.80,10/22/24,7,0
7.000,1.000,39014.027,39064.456,50.429,18:47:54.30,10/22/24,7,1
7.000,2.000,38857.348,38870.237,12.889,18:47:41.70,10/22/24,7,2
7.000,3.000,38682.443,38742.497,60.054,18:47:31.60,10/22/24,7,3
7.000,4.000,38508.820,38293.899,-214.921,18:47:22.90,10/22/24,7,4
7.000,5.000,38373.490,38174.633,-198.857,18:47:14.80,10/22/24,7,5
7.000,6.000,38295.627,38091.995,-203.632,18:47:05.60,10/22/24,7,6
7.000,7.000,38258.815,38073.578,-185.237,18:46:57.50,10/22/24,7,7
7.000,8.000,38253.168,38005.079,-248.089,18:46:48.60,10/22/24,7,8
7.000,9.000,38292.965,38187.919,-105.046,18:46:42.00,10/22/24,7,9
7.000,10.000,38312.175,38187.531,-124.644,18:46:24.60,10/22/24,7,10
7.000,11.000,38335.171,38203.208,-131.963,18:46:07.80,10/22/24,7,11
7.000,12.000,38372.142,38286.885,-85.257,18:45:55.90,10/22/24,7,12
7.000,13.000,38403.304,38361.061,-42.243,18:45:39.00,10/22/24,7,13
7.000,14.000,38412.086,38349.883,-62.203,18:45:23.80,10/22/24,7,14
7.000,15.000,38417.789,38284.044,-133.745,18:45:12.50,10/22/24,7,15
7.000,16.000,38438.537,38336.867,-101.670,18:45:04.90,10/22/24,7,16
7.000,17.000,38488.900,38436.292,-52.608,18:44:56.50,10/22/24,7,17
7.000,18.000,38562.394,38581.635,19.241,18:44:48.60,10/22/24,7,18
7.000,19.000,38618.990,38614.728,-4.262,18:44:41.00,10/22/24,7,19
7.000,20.000,38668.262,38781.868,113.606,18:44:31.50,10/22/24,7,20
7.000,21.000,38706.476,38767.239,60.763,18:44:21.20,10/22/24,7,21
7.000,22.000,38711.004,38838.854,127.850,18:44:11.70,10/22/24,7,22
7.000,23.000,38665.793,38732.852,67.059,18:43:57.10,10/22/24,7,23
7.000,24.000,38582.129,38542.819,-39.310,18:43:49.30,10/22/24,7,24
7.000,25.000,38509.326,38385.840,-123.486,18:43:40.50,10/22/24,7,25
7.000,26.000,38487.482,38420.070,-67.412,18:43:26.10,10/22/24,7,26
7.000,27.000,38484.958,38499.033,14.075,18:41:39.20,10/22/24,7,27
7.000,28.000,38487.059,38493.094,6.035,18:41:22.90,10/22/24,7,28
7.000,29.000,38486.482,38457.084,-29.398,18:41:10.60,10/22/24,7,29
7.000,30.000,38478.300,38416.490,-61.810,18:40:59.30,10/22/24,7,30
7.000,31.000,38459.176,38376.136,-83.040,18:40:50.10,10/22/24,7,31
7.000,32.000,38456.685,38377.646,-79.039,18:40:40.50,10/22/24,7,32
7.000,33.000,38429.653,38191.211,-238.442,18:40:33.40,10/22/24,7,33
7.000,34.000,38438.256,38156.880,-281.376,18:40:25.20,10/22/24,7,34
7.000,35.000,38493.883,38238.535,-255.348,18:40:15.60,10/22/24,7,35
7.000,36.000,38572.321,38328.163,-244.158,18:40:08.80,10/22/24,7,36
7.000,37.000,38667.538,38652.014,-15.524,18:40:01.60,10/22/24,7,37
7.000,38.000,38723.813,38726.264,2.451,18:39:54.90,10/22/24,7,38
7.000,39.000,38730.703,38715.930,-14.773,18:39:46.90,10/22/24,7,39
7.000,40.000,38729.121,38716.289,-12.832,18:39:39.10,10/22/24,7,40
7.000,41.000,38724.410,38710.430,-13.980,18:39:30.90,10/22/24,7,41
7.000,42.000,38719.440,38719.916,0.476,18:39:23.80,10/22/24,7,42
7.000,43.000,38713.743,38735.430,21.687,18:39:16.60,10/22/24,7,43
7.000,44.000,38715.143,38726.152,11.009,18:39:09.00,10/22/24,7,44
7.000,45.000,38723.980,38671.543,-52.437,18:39:00.40,10/22/24,7,45
7.000,46.000,38754.687,38689.549,-65.138,18:38:52.30,10/22/24,7,46
7.000,47.000,38800.851,38829.685,28.834,18:38:41.40,10/22/24,7,47
7.000,48.000,38843.694,38899.707,56.013,18:38:33.20,10/22/24,7,48
7.000,49.000,38896.448,39021.780,125.332,18:38:25.20,10/22/24,7,49
7.000,50.000,38923.764,39010.210,86.446,18:38:18.20,10/22/24,7,50
7.000,51.000,38935.515,39068.937,133.422,18:38:09.10,10/22/24,7,51
7.000,52.000,38947.939,39009.579,61.640,18:38:00.70,10/22/24,7,52
7.000,53.000,38968.094,39081.527,113.433,18:37:49.40,10/22/24,7,53
7.000,54.000,38970.857,39175.142,204.285,18:37:42.10,10/22/24,7,54
7.000,55.000,38924.549,39033.141,108.592,18:37:32.60,10/22/24,7,55
7.000,56.000,38872.988,38943.863,70.875,18:37:21.70,10/22/24,7,56
7.000,57.000,38824.956,38872.815,47.859,18:37:12.80,10/22/24,7,57
7.000,58.000,38771.427,38767.604,-3.823,18:37:05.20,10/22/24,7,58
7.000,59.000,38719.794,38713.510,-6.284,18:36:53.70,10/22/24,7,59
7.000,60.000,26974.619,26838.800,-135.819,18:36:44.50,10/22/24,7,60
6.000,59.000,38761.483,38726.701,-34.782,18:23:01.80,10/22/24,6,59
6.000,58.000,38811.146,38840.504,29.358,18:22:56.60,10/22/24,6,58
6.000,57.000,38863.197,38910.365,47.168,18:22:51.60,10/22/24,6,57
6.000,56.000,38908.306,38936.912,28.606,18:22:46.40,10/22/24,6,56
6.000,55.000,38953.991,39080.876,126.885,18:22:41.20,10/22/24,6,55
6.000,54.000,38965.584,39119.076,153.492,18:22:35.70,10/22/24,6,54
6.000,53.000,38946.142,39028.414,82.272,18:22:30.50,10/22/24,6,53
6.000,52.000,38931.687,39029.770,98.083,18:22:25.30,10/22/24,6,52
6.000,51.000,38926.276,39006.595,80.319,18:22:19.50,10/22/24,6,51
6.000,50.000,38908.618,38979.103,70.485,18:22:14.60,10/22/24,6,50
6.000,49.000,38879.589,38932.208,52.619,18:22:09.60,10/22/24,6,49
6.000,48.000,38842.542,38917.959,75.417,18:22:04.40,10/22/24,6,48
6.000,47.000,38789.657,38828.760,39.103,18:21:59.30,10/22/24,6,47
6.000,46.000,38734.791,38713.490,-21.301,18:21:52.90,10/22/24,6,46
6.000,45.000,38698.477,38647.632,-50.845,18:21:47.40,10/22/24,6,45
6.000,44.000,38686.184,38649.825,-36.359,18:21:42.00,10/22/24,6,44
6.000,43.000,38691.483,38700.506,9.023,18:21:37.20,10/22/24,6,43
6.000,42.000,38709.986,38678.999,-30.987,18:21:32.30,10/22/24,6,42
6.000,41.000,38734.791,38759.320,24.529,18:21:27.30,10/22/24,6,41
6.000,40.000,38751.162,38816.917,65.755,18:21:22.00,10/22/24,6,40
6.000,39.000,38753.485,38827.373,73.888,18:21:14.90,10/22/24,6,39
6.000,38.000,38743.948,38781.225,37.277,18:21:08.90,10/22/24,6,38
6.000,37.000,38705.581,38778.358,72.777,18:21:01.60,10/22/24,6,37
6.000,36.000,38623.673,38646.844,23.171,18:20:56.00,10/22/24,6,36
6.000,35.000,38548.070,38448.805,-99.265,18:20:49.60,10/22/24,6,35
6.000,34.000,38504.228,38333.396,-170.832,18:20:43.20,10/22/24,6,34
6.000,33.000,38508.815,38468.254,-40.561,18:20:35.90,10/22/24,6,33
6.000,32.000,38530.927,38554.204,23.277,18:20:27.30,10/22/24,6,32
6.000,31.000,38541.820,38598.743,56.923,18:20:22.40,10/22/24,6,31
6.000,30.000,38522.653,38541.139,18.486,18:20:17.30,10/22/24,6,30
6.000,29.000,38487.116,38386.911,-100.205,18:20:12.30,10/22/24,6,29
6.000,28.000,38469.689,38321.745,-147.944,18:20:07.40,10/22/24,6,28
6.000,27.000,38463.220,38350.049,-113.171,18:20:02.40,10/22/24,6,27
6.000,26.000,38468.904,38344.249,-124.655,18:19:56.90,10/22/24,6,26
6.000,25.000,38512.473,38378.087,-134.386,18:19:48.50,10/22/24,6,25
6.000,24.000,38594.605,38608.434,13.829,18:19:41.10,10/22/24,6,24
6.000,23.000,38671.806,38735.031,63.225,18:19:35.30,10/22/24,6,23
6.000,22.000,38707.840,38798.472,90.632,18:19:30.20,10/22/24,6,22
6.000,21.000,38706.701,38752.447,45.746,18:19:24.30,10/22/24,6,21
6.000,20.000,38682.957,38647.397,-35.560,18:19:19.00,10/22/24,6,20
6.000,19.000,38643.609,38711.754,68.145,18:19:11.30,10/22/24,6,19
6.000,18.000,38585.742,38566.456,-19.286,18:19:03.80,10/22/24,6,18
6.000,17.000,38530.971,38474.760,-56.211,18:18:57.50,10/22/24,6,17
6.000,16.000,38504.183,38438.027,-66.156,18:18:42.20,10/22/24,6,16
6.000,15.000,38491.065,38465.394,-25.671,18:18:36.50,10/22/24,6,15
6.000,14.000,38474.171,38448.467,-25.704,18:18:31.20,10/22/24,6,14
6.000,13.000,38445.615,38362.835,-82.780,18:18:25.30,10/22/24,6,13
6.000,12.000,38405.351,38350.574,-54.777,18:18:19.40,10/22/24,6,12
6.000,11.000,38353.624,38082.162,-271.462,18:18:14.10,10/22/24,6,11
6.000,10.000,38328.091,38199.377,-128.714,18:18:08.50,10/22/24,6,10
6.000,9.000,38300.197,38189.425,-110.772,18:18:03.00,10/22/24,6,9
6.000,8.000,38267.616,38066.938,-200.678,18:17:57.80,10/22/24,6,8
6.000,7.000,38274.251,38035.578,-238.673,18:17:49.70,10/22/24,6,7
6.000,6.000,38306.074,38091.542,-214.532,18:17:40.70,10/22/24,6,6
6.000,5.000,38376.698,38105.175,-271.523,18:17:23.80,10/22/24,6,5
6.000,4.000,38514.547,38346.526,-168.021,18:17:18.30,10/22/24,6,4
6.000,3.000,38673.288,38578.244,-95.044,18:17:12.40,10/22/24,6,3
6.000,2.000,38829.423,38851.947,22.524,18:17:07.30,10/22/24,6,2
6.000,1.000,38976.652,38975.204,-1.448,18:17:01.50,10/22/24,6,1
6.000,0.000,39101.243,39114.974,13.731,18:16:51.60,10/22/24,6,0
5.000,0.000,38982.854,39016.280,33.426,18:12:35.60,10/22/24,5,0
5.000,1.000,38837.974,38859.057,21.083,18:12:22.80,10/22/24,5,1
5.000,2.000,38712.976,38641.177,-71.799,18:12:17.50,10/22/24,5,2
5.000,3.000,38566.607,38443.371,-123.236,18:12:11.80,10/22/24,5,3
5.000,4.000,38439.374,38258.227,-181.147,18:12:05.00,10/22/24,5,4
5.000,5.000,38358.758,38141.701,-217.057,18:11:58.40,10/22/24,5,5
5.000,6.000,38323.324,38223.969,-99.355,18:11:52.80,10/22/24,5,6
5.000,7.000,38299.065,38120.698,-178.367,18:11:47.50,10/22/24,5,7
5.000,8.000,38307.404,38107.181,-200.223,18:11:42.50,10/22/24,5,8
5.000,9.000,38355.944,38251.875,-104.069,18:11:37.60,10/22/24,5,9
5.000,10.000,38389.874,38292.491,-97.383,18:11:32.40,10/22/24,5,10
5.000,11.000,38434.564,38280.176,-154.388,18:11:26.50,10/22/24,5,11
5.000,12.000,38482.053,38437.941,-44.112,18:11:21.60,10/22/24,5,12
5.000,13.000,38513.748,38487.317,-26.431,18:11:15.40,10/22/24,5,13
5.000,14.000,38536.340,38525.388,-10.952,18:11:09.90,10/22/24,5,14
5.000,15.000,38546.880,38574.451,27.571,18:11:04.20,10/22/24,5,15
5.000,16.000,38563.972,38499.188,-64.784,18:10:18.30,10/22/24,5,16
5.000,17.000,38593.559,38604.106,10.547,18:10:12.40,10/22/24,5,17
5.000,18.000,38629.327,38635.807,6.480,18:10:07.10,10/22/24,5,18
5.000,19.000,38679.575,38731.914,52.339,18:10:02.00,10/22/24,5,19
5.000,20.000,38711.970,38817.660,105.690,18:09:56.60,10/22/24,5,20
5.000,21.000,38718.378,38804.577,86.199,18:09:51.80,10/22/24,5,21
5.000,22.000,38691.650,38787.586,95.936,18:09:46.30,10/22/24,5,22
5.000,23.000,38636.793,38661.311,24.518,18:09:41.00,10/22/24,5,23
5.000,24.000,38560.471,38512.845,-47.626,18:09:36.10,10/22/24,5,24
5.000,25.000,38499.132,38365.277,-133.855,18:09:31.10,10/22/24,5,25
5.000,26.000,38471.269,38354.224,-117.045,18:09:26.10,10/22/24,5,26
5.000,27.000,38467.967,38356.110,-111.857,18:09:20.50,10/22/24,5,27
5.000,28.000,38484.043,38412.206,-71.837,18:09:14.90,10/22/24,5,28
5.000,29.000,38515.908,38414.407,-101.501,18:09:09.60,10/22/24,5,29
5.000,30.000,38563.096,38591.938,28.842,18:09:04.40,10/22/24,5,30
5.000,31.000,38580.823,38589.197,8.374,18:08:59.70,10/22/24,5,31
5.000,32.000,38575.701,38503.474,-72.227,18:08:55.00,10/22/24,5,32
5.000,33.000,38570.626,38481.249,-89.377,18:08:50.20,10/22/24,5,33
5.000,34.000,38589.693,38553.683,-36.010,18:08:45.70,10/22/24,5,34
5.000,35.000,38643.389,38640.977,-2.412,18:08:40.70,10/22/24,5,35
5.000,36.000,38705.092,38793.819,88.727,18:08:35.80,10/22/24,5,36
5.000,37.000,38755.406,38879.583,124.177,18:08:30.90,10/22/24,5,37
5.000,38.000,38769.308,38836.792,67.484,18:08:25.40,10/22/24,5,38
5.000,39.000,38761.554,38768.737,7.183,18:08:20.30,10/22/24,5,39
5.000,40.000,38749.216,38848.798,99.582,18:08:14.40,10/22/24,5,40
5.000,41.000,38722.035,38756.043,34.008,18:08:08.40,10/22/24,5,41
5.000,42.000,38680.189,38626.881,-53.308,18:08:03.70,10/22/24,5,42
5.000,43.000,38654.170,38551.380,-102.790,18:07:58.00,10/22/24,5,43
5.000,44.000,38651.687,38546.746,-104.941,18:07:52.90,10/22/24,5,44
5.000,45.000,38682.196,38613.821,-68.375,18:07:47.20,10/22/24,5,45
5.000,46.000,38736.155,38725.433,-10.722,18:07:41.30,10/22/24,5,46
5.000,47.000,38795.777,38816.248,20.471,18:07:35.90,10/22/24,5,47
5.000,48.000,38844.721,38927.810,83.089,18:07:31.20,10/22/24,5,48
5.000,49.000,38872.876,38926.145,53.269,18:07:26.10,10/22/24,5,49
5.000,50.000,38886.804,38921.374,34.570,18:07:21.10,10/22/24,5,50
5.000,51.000,38892.220,38898.691,6.471,18:07:15.30,10/22/24,5,51
5.000,52.000,38893.250,38869.798,-23.452,18:07:09.80,10/22/24,5,52
5.000,53.000,38907.369,38920.884,13.515,18:07:03.80,10/22/24,5,53
5.000,54.000,38938.585,39006.216,67.631,18:06:58.10,10/22/24,5,54
5.000,55.000,38942.572,39041.924,99.352,18:06:52.30,10/22/24,5,55
5.000,56.000,38915.150,38979.844,64.694,18:06:47.10,10/22/24,5,56
5.000,57.000,38872.376,38927.932,55.556,18:06:41.00,10/22/24,5,57
5.000,58.000,38822.062,38845.796,23.734,18:06:35.30,10/22/24,5,58
5.000,59.000,38767.662,38746.046,-21.616,18:06:29.30,10/22/24,5,59
5.000,60.000,38726.650,38654.839,-71.811,18:06:22.70,10/22/24,5,60
4.000,60.000,38743.546,38699.724,-43.822,18:02:48.50,10/22/24,4,60
4.000,59.000,38784.626,38786.591,1.965,18:02:30.70,10/22/24,4,59
4.000,58.000,38823.878,38840.408,16.530,18:02:25.70,10/22/24,4,58
4.000,57.000,38869.843,38884.259,14.416,18:02:19.40,10/22/24,4,57
4.000,56.000,38911.164,38989.454,78.290,18:02:13.70,10/22/24,4,56
4.000,55.000,38923.624,39064.263,140.639,18:02:07.70,10/22/24,4,55
4.000,54.000,38886.457,38887.504,1.047,18:01:57.20,10/22/24,4,54
4.000,53.000,38851.263,38744.736,-106.527,18:01:51.70,10/22/24,4,53
4.000,52.000,38850.192,38859.972,9.780,18:01:46.10,10/22/24,4,52
4.000,51.000,38854.173,38867.640,13.467,18:01:37.40,10/22/24,4,51
4.000,50.000,38850.549,38855.836,5.287,18:01:32.20,10/22/24,4,50
4.000,49.000,38840.372,38850.090,9.718,18:01:26.70,10/22/24,4,49
4.000,48.000,38818.761,38865.117,46.356,18:01:20.80,10/22/24,4,48
4.000,47.000,38773.499,38774.738,1.239,18:01:15.10,10/22/24,4,47
4.000,46.000,38715.223,38697.097,-18.126,18:01:08.50,10/22/24,4,46
4.000,45.000,38660.947,38574.316,-86.631,18:01:03.40,10/22/24,4,45
4.000,44.000,38635.925,38521.503,-114.422,18:00:56.20,10/22/24,4,44
4.000,43.000,38633.782,38541.154,-92.628,18:00:50.50,10/22/24,4,43
4.000,42.000,38657.475,38561.796,-95.679,18:00:44.60,10/22/24,4,42
4.000,41.000,38696.820,38733.931,37.111,18:00:29.30,10/22/24,4,41
4.000,40.000,38726.542,38776.484,49.942,18:00:19.20,10/22/24,4,40
4.000,39.000,38748.640,38772.712,24.072,18:00:10.80,10/22/24,4,39
4.000,38.000,38769.849,38858.696,88.847,17:59:59.90,10/22/24,4,38
4.000,37.000,38760.735,38891.602,130.867,17:59:54.50,10/22/24,4,37
4.000,36.000,38717.413,38766.759,49.346,17:59:40.10,10/22/24,4,36
4.000,35.000,38673.446,38671.277,-2.169,17:59:35.00,10/22/24,4,35
4.000,34.000,38637.839,38633.229,-4.610,17:59:29.80,10/22/24,4,34
4.000,33.000,38627.995,38657.478,29.483,17:59:23.70,10/22/24,4,33
4.000,32.000,38623.383,38646.811,23.428,17:59:13.20,10/22/24,4,32
4.000,31.000,38613.073,38609.797,-3.276,17:59:07.50,10/22/24,4,31
4.000,30.000,38585.724,38610.544,24.820,17:59:02.40,10/22/24,4,30
4.000,29.000,38540.198,38477.547,-62.651,17:58:56.60,10/22/24,4,29
4.000,28.000,38507.156,38423.689,-83.467,17:58:51.40,10/22/24,4,28
4.000,27.000,38492.726,38447.428,-45.298,17:58:45.80,10/22/24,4,27
4.000,26.000,38494.192,38454.033,-40.159,17:58:39.90,10/22/24,4,26
4.000,25.000,38519.714,38460.014,-59.700,17:58:33.80,10/22/24,4,25
4.000,24.000,38570.889,38581.022,10.133,17:58:28.00,10/22/24,4,24
4.000,23.000,38624.697,38584.313,-40.384,17:58:18.20,10/22/24,4,23
4.000,22.000,38676.259,38706.970,30.711,17:58:03.00,10/22/24,4,22
4.000,21.000,38715.399,38820.891,105.492,17:57:55.60,10/22/24,4,21
4.000,20.000,38718.694,38818.939,100.245,17:57:50.00,10/22/24,4,20
4.000,19.000,38687.912,38763.303,75.391,17:57:43.90,10/22/24,4,19
4.000,18.000,38652.564,38601.364,-51.200,17:57:37.00,10/22/24,4,18
4.000,17.000,38646.139,38696.421,50.282,17:57:30.80,10/22/24,4,17
4.000,16.000,38624.692,38616.075,-8.617,17:57:24.00,10/22/24,4,16
4.000,15.000,38607.712,38544.165,-63.547,17:57:12.40,10/22/24,4,15
4.000,14.000,38595.519,38542.170,-53.349,17:57:05.00,10/22/24,4,14
4.000,13.000,38587.550,38567.835,-19.715,17:56:55.50,10/22/24,4,13
4.000,12.000,38573.605,38588.095,14.490,17:56:43.60,10/22/24,4,12
4.000,11.000,38529.119,38521.384,-7.735,17:56:31.40,10/22/24,4,11
4.000,10.000,38467.780,38450.877,-16.903,17:56:20.20,10/22/24,4,10
4.000,9.000,38404.780,38326.171,-78.609,17:56:14.60,10/22/24,4,9
4.000,8.000,38358.454,38223.252,-135.202,17:56:08.80,10/22/24,4,8
4.000,7.000,38354.553,38247.612,-106.941,17:56:01.90,10/22/24,4,7
4.000,6.000,38368.563,38254.852,-113.711,17:55:55.70,10/22/24,4,6
4.000,5.000,38408.345,38255.596,-152.749,17:55:49.10,10/22/24,4,5
4.000,4.000,38480.392,38342.133,-138.259,17:55:41.00,10/22/24,4,4
4.000,3.000,38589.888,38569.100,-20.788,17:55:34.60,10/22/24,4,3
4.000,2.000,38702.511,38643.725,-58.786,17:55:28.10,10/22/24,4,2
4.000,1.000,38815.774,38818.099,2.325,17:55:20.60,10/22/24,4,1
4.000,0.000,38921.463,38971.035,49.572,17:53:33.60,10/22/24,4,0
3.000,0.000,38865.577,38929.461,63.884,17:51:45.50,10/22/24,3,0
3.000,1.000,38767.319,38754.587,-12.732,17:51:39.90,10/22/24,3,1
3.000,2.000,38671.670,38656.546,-15.124,17:51:33.80,10/22/24,3,2
3.000,3.000,38573.734,38525.116,-48.618,17:51:27.20,10/22/24,3,3
3.000,4.000,38490.530,38354.238,-136.292,17:51:20.90,10/22/24,3,4
3.000,5.000,38424.882,38297.537,-127.345,17:51:13.10,10/22/24,3,5
3.000,6.000,38395.465,38281.025,-114.440,17:51:07.40,10/22/24,3,6
3.000,7.000,38388.815,38266.024,-122.791,17:51:01.10,10/22/24,3,7
3.000,8.000,38403.025,38279.944,-123.081,17:50:55.50,10/22/24,3,8
3.000,9.000,38464.248,38373.224,-91.024,17:50:50.20,10/22/24,3,9
3.000,10.000,38534.774,38542.235,7.461,17:50:44.90,10/22/24,3,10
3.000,11.000,38610.333,38629.264,18.931,17:50:33.40,10/22/24,3,11
3.000,12.000,38656.510,38733.540,77.030,17:50:22.80,10/22/24,3,12
3.000,13.000,38676.562,38705.420,28.858,17:50:13.50,10/22/24,3,13
3.000,14.000,38681.795,38732.022,50.227,17:50:07.50,10/22/24,3,14
3.000,15.000,38675.652,38670.528,-5.124,17:50:02.00,10/22/24,3,15
3.000,16.000,38681.640,38711.572,29.932,17:49:56.70,10/22/24,3,16
3.000,17.000,38686.445,38734.853,48.408,17:49:51.00,10/22/24,3,17
3.000,18.000,38681.912,38638.753,-43.159,17:49:45.40,10/22/24,3,18
3.000,19.000,38698.181,38700.214,2.033,17:49:39.20,10/22/24,3,19
3.000,20.000,38711.113,38782.289,71.176,17:49:33.40,10/22/24,3,20
3.000,21.000,38698.279,38750.250,51.971,17:49:26.70,10/22/24,3,21
3.000,22.000,38663.023,38694.852,31.829,17:49:17.10,10/22/24,3,22
3.000,23.000,38618.414,38617.990,-0.424,17:49:11.20,10/22/24,3,23
3.000,24.000,38572.930,38590.320,17.390,17:49:05.30,10/22/24,3,24
3.000,25.000,38525.268,38499.000,-26.268,17:48:59.40,10/22/24,3,25
3.000,26.000,38503.737,38433.003,-70.734,17:48:53.00,10/22/24,3,26
3.000,27.000,38514.428,38530.686,16.258,17:48:47.30,10/22/24,3,27
3.000,28.000,38535.578,38492.175,-43.403,17:48:42.40,10/22/24,3,28
3.000,29.000,38575.102,38573.381,-1.721,17:48:36.40,10/22/24,3,29
3.000,30.000,38614.686,38709.074,94.388,17:48:30.20,10/22/24,3,30
3.000,31.000,38642.876,38683.077,40.201,17:48:23.40,10/22/24,3,31
3.000,32.000,38661.265,38681.608,20.343,17:48:16.90,10/22/24,3,32
3.000,33.000,38665.783,38679.021,13.238,17:48:11.10,10/22/24,3,33
3.000,34.000,38666.451,38615.871,-50.580,17:48:05.60,10/22/24,3,34
3.000,35.000,38694.410,38756.909,62.499,17:47:59.20,10/22/24,3,35
3.000,36.000,38726.020,38700.500,-25.520,17:47:53.00,10/22/24,3,36
3.000,37.000,38759.663,38900.168,140.505,17:47:47.00,10/22/24,3,37
3.000,38.000,38763.683,38857.295,93.612,17:47:40.90,10/22/24,3,38
3.000,39.000,38725.386,38621.733,-103.653,17:47:34.00,10/22/24,3,39
3.000,40.000,38707.470,38686.009,-21.461,17:47:24.70,10/22/24,3,40
3.000,41.000,38670.064,38642.537,-27.527,17:47:17.40,10/22/24,3,41
3.000,42.000,38651.571,38558.010,-93.561,17:46:01.40,10/22/24,3,42
3.000,43.000,38639.378,38563.383,-75.995,17:45:47.60,10/22/24,3,43
3.000,44.000,38642.602,38559.559,-83.043,17:45:36.00,10/22/24,3,44
3.000,45.000,38672.022,38612.132,-59.890,17:45:20.40,10/22/24,3,45
3.000,46.000,38724.120,38714.486,-9.634,17:45:02.40,10/22/24,3,46
3.000,47.000,38778.298,38804.608,26.310,17:44:45.10,10/22/24,3,47
3.000,48.000,38821.332,38889.151,67.819,17:44:17.80,10/22/24,3,48
3.000,49.000,38833.756,38820.860,-12.896,17:44:07.80,10/22/24,3,49
3.000,50.000,38840.731,38823.560,-17.171,17:44:01.80,10/22/24,3,50
3.000,51.000,38844.219,38844.577,0.358,17:43:52.50,10/22/24,3,51
3.000,52.000,38837.340,38788.625,-48.715,17:43:46.40,10/22/24,3,52
3.000,53.000,38842.240,38729.356,-112.884,17:43:40.60,10/22/24,3,53
3.000,54.000,38881.036,38859.276,-21.760,17:43:34.00,10/22/24,3,54
3.000,55.000,38911.557,38984.478,72.921,17:43:27.80,10/22/24,3,55
3.000,56.000,38898.065,38919.347,21.282,17:43:21.40,10/22/24,3,56
3.000,57.000,38860.901,38834.796,-26.105,17:43:13.60,10/22/24,3,57
3.000,58.000,38826.312,38797.557,-28.755,17:43:05.30,10/22/24,3,58
3.000,59.000,38792.118,38776.680,-15.438,17:42:57.90,10/22/24,3,59
3.000,60.000,38765.570,38702.883,-62.687,17:42:46.50,10/22/24,3,60
2.000,61.000,38792.048,38786.799,-5.249,17:39:51.40,10/22/24,2,61
2.000,60.000,38789.791,38755.866,-33.925,17:39:11.50,10/22/24,2,60
2.000,59.000,38811.428,38770.220,-41.208,17:39:04.30,10/22/24,2,59
2.000,58.000,38838.153,38794.861,-43.292,17:38:57.60,10/22/24,2,58
2.000,57.000,38870.551,38830.219,-40.332,17:38:46.70,10/22/24,2,57
2.000,56.000,38900.199,38915.783,15.584,17:38:40.20,10/22/24,2,56
2.000,55.000,38901.054,38939.326,38.272,17:38:33.70,10/22/24,2,55
2.000,54.000,38869.080,38860.029,-9.051,17:38:26.90,10/22/24,2,54
2.000,53.000,38842.860,38781.478,-61.382,17:38:19.50,10/22/24,2,53
2.000,52.000,38835.458,38813.005,-22.453,17:38:12.40,10/22/24,2,52
2.000,51.000,38835.853,38853.509,17.656,17:38:05.80,10/22/24,2,51
2.000,50.000,38829.601,38801.450,-28.151,17:38:00.50,10/22/24,2,50
2.000,49.000,38825.496,38847.779,22.283,17:37:48.60,10/22/24,2,49
2.000,48.000,38803.385,38850.204,46.819,17:37:41.70,10/22/24,2,48
2.000,47.000,38751.434,38748.033,-3.401,17:37:35.60,10/22/24,2,47
2.000,46.000,38701.794,38640.925,-60.869,17:37:29.30,10/22/24,2,46
2.000,45.000,38667.189,38608.905,-58.284,17:37:23.00,10/22/24,2,45
2.000,44.000,38654.593,38610.160,-44.433,17:37:12.90,10/22/24,2,44
2.000,43.000,38654.939,38613.127,-41.812,17:37:06.40,10/22/24,2,43
2.000,42.000,38661.567,38607.842,-53.725,17:37:00.30,10/22/24,2,42
2.000,41.000,38675.331,38623.897,-51.434,17:36:53.50,10/22/24,2,41
2.000,40.000,38690.261,38628.719,-61.542,17:36:47.70,10/22/24,2,40
2.000,39.000,38716.183,38700.128,-16.055,17:36:40.10,10/22/24,2,39
2.000,38.000,38738.362,38753.859,15.497,17:36:34.40,10/22/24,2,38
2.000,37.000,38735.281,38771.911,36.630,17:36:27.70,10/22/24,2,37
2.000,36.000,38713.600,38728.204,14.604,17:36:21.40,10/22/24,2,36
2.000,35.000,38690.829,38699.158,8.329,17:36:15.30,10/22/24,2,35
2.000,34.000,38680.916,38636.606,-44.310,17:36:09.00,10/22/24,2,34
2.000,33.000,38699.066,38755.966,56.900,17:36:02.70,10/22/24,2,33
2.000,32.000,38687.222,38751.139,63.917,17:35:56.60,10/22/24,2,32
2.000,31.000,38651.548,38646.183,-5.365,17:35:49.50,10/22/24,2,31
2.000,30.000,38618.179,38650.517,32.338,17:35:43.00,10/22/24,2,30
2.000,29.000,38581.640,38578.659,-2.981,17:35:36.80,10/22/24,2,29
2.000,28.000,38546.905,38501.113,-45.792,17:35:30.70,10/22/24,2,28
2.000,27.000,38519.675,38461.389,-58.286,17:35:22.90,10/22/24,2,27
2.000,26.000,38500.924,38357.634,-143.290,17:35:16.70,10/22/24,2,26
2.000,25.000,38529.975,38447.741,-82.234,17:35:10.70,10/22/24,2,25
2.000,24.000,38578.397,38564.712,-13.685,17:35:04.60,10/22/24,2,24
2.000,23.000,38617.325,38580.480,-36.845,17:34:58.70,10/22/24,2,23
2.000,22.000,38651.085,38645.565,-5.520,17:34:51.30,10/22/24,2,22
2.000,21.000,38677.781,38638.547,-39.234,17:34:43.20,10/22/24,2,21
2.000,20.000,38699.537,38741.937,42.400,17:34:35.60,10/22/24,2,20
2.000,19.000,38699.641,38730.294,30.653,17:34:29.10,10/22/24,2,19
2.000,18.000,38700.621,38684.194,-16.427,17:34:19.80,10/22/24,2,18
2.000,17.000,38717.663,38752.709,35.046,17:34:12.60,10/22/24,2,17
2.000,16.000,38727.782,38772.698,44.916,17:33:58.90,10/22/24,2,16
2.000,15.000,38735.716,38769.560,33.844,17:33:51.40,10/22/24,2,15
2.000,14.000,38748.195,38811.782,63.587,17:33:44.50,10/22/24,2,14
2.000,13.000,38741.471,38784.565,43.094,17:33:38.00,10/22/24,2,13
2.000,12.000,38725.566,38788.700,63.134,17:33:31.80,10/22/24,2,12
2.000,11.000,38676.666,38653.801,-22.865,17:33:24.20,10/22/24,2,11
2.000,10.000,38600.534,38616.495,15.961,17:33:17.50,10/22/24,2,10
2.000,9.000,38508.421,38425.702,-82.719,17:33:09.40,10/22/24,2,9
2.000,8.000,38445.540,38271.784,-173.756,17:33:02.20,10/22/24,2,8
2.000,7.000,38428.321,38305.948,-122.373,17:32:55.60,10/22/24,2,7
2.000,6.000,38436.165,38325.407,-110.758,17:32:47.90,10/22/24,2,6
2.000,5.000,38462.491,38405.475,-57.016,17:32:40.80,10/22/24,2,5
2.000,4.000,38501.048,38411.528,-89.520,17:32:28.60,10/22/24,2,4
2.000,3.000,38577.474,38526.395,-51.079,17:32:14.90,10/22/24,2,3
2.000,2.000,26952.218,26959.339,7.121,17:31:52.20,10/22/24,2,2
2.000,1.000,0.000,0.000,0.000,17:26:35.90,10/22/24,2,1
2.000,0.000,38804.585,38921.264,116.679,17:26:02.00,10/22/24,2,0
1.000,0.000,38728.566,38787.310,58.744,17:14:05.30,10/22/24,1,0
1.000,1.000,38658.860,38639.481,-19.379,17:13:36.90,10/22/24,1,1
1.000,2.000,38594.805,38571.399,-23.406,17:13:29.20,10/22/24,1,2
1.000,3.000,38537.346,38470.287,-67.059,17:13:20.00,10/22/24,1,3
1.000,4.000,38493.964,38414.806,-79.158,17:13:11.80,10/22/24,1,4
1.000,5.000,38480.572,38415.321,-65.251,17:13:05.00,10/22/24,1,5
1.000,6.000,38475.316,38424.461,-50.855,17:12:57.90,10/22/24,1,6
1.000,7.000,38477.448,38352.007,-125.441,17:12:50.50,10/22/24,1,7
1.000,8.000,38515.159,38399.824,-115.335,17:12:42.40,10/22/24,1,8
1.000,9.000,38604.254,38550.646,-53.608,17:12:34.90,10/22/24,1,9
1.000,10.000,38698.438,38755.799,57.361,17:12:28.40,10/22/24,1,10
1.000,11.000,38768.849,38923.004,154.155,17:12:22.30,10/22/24,1,11
1.000,12.000,38795.864,38883.531,87.667,17:12:15.40,10/22/24,1,12
1.000,13.000,38800.266,38874.155,73.889,17:12:07.60,10/22/24,1,13
1.000,14.000,38793.182,38801.428,8.246,17:12:01.00,10/22/24,1,14
1.000,15.000,38771.046,38757.175,-13.871,17:11:54.20,10/22/24,1,15
1.000,16.000,38752.778,38733.475,-19.303,17:11:47.20,10/22/24,1,16
1.000,17.000,38736.151,38715.244,-20.907,17:11:40.50,10/22/24,1,17
1.000,18.000,38714.673,38684.043,-30.630,17:11:34.40,10/22/24,1,18
1.000,19.000,38698.454,38671.700,-26.754,17:11:26.90,10/22/24,1,19
1.000,20.000,38684.267,38672.326,-11.941,17:11:19.40,10/22/24,1,20
1.000,21.000,38665.714,38647.091,-18.623,17:11:11.40,10/22/24,1,21
1.000,22.000,38643.907,38623.524,-20.383,17:11:04.20,10/22/24,1,22
1.000,23.000,38612.844,38669.406,56.562,17:10:57.30,10/22/24,1,23
1.000,24.000,38571.185,38532.081,-39.104,17:10:48.90,10/22/24,1,24
1.000,25.000,38524.144,38378.681,-145.463,17:10:41.20,10/22/24,1,25
1.000,26.000,38518.379,38438.926,-79.453,17:10:31.40,10/22/24,1,26
1.000,27.000,38539.401,38513.602,-25.799,17:10:25.00,10/22/24,1,27
1.000,28.000,38564.388,38538.333,-26.055,17:10:16.80,10/22/24,1,28
1.000,29.000,38593.570,38562.108,-31.462,17:10:09.80,10/22/24,1,29
1.000,30.000,38627.847,38563.475,-64.372,17:10:02.50,10/22/24,1,30
1.000,31.000,38667.074,38663.661,-3.413,17:09:54.50,10/22/24,1,31
1.000,32.000,38707.246,38800.146,92.900,17:09:45.40,10/22/24,1,32
1.000,33.000,38716.796,38770.886,54.090,17:09:37.40,10/22/24,1,33
1.000,34.000,38703.721,38687.998,-15.723,17:09:26.30,10/22/24,1,34
1.000,35.000,38709.466,38670.826,-38.640,17:09:19.60,10/22/24,1,35
1.000,36.000,38718.247,38680.325,-37.922,17:09:12.00,10/22/24,1,36
1.000,37.000,38715.733,38685.644,-30.089,17:09:05.10,10/22/24,1,37
1.000,38.000,38709.185,38678.675,-30.510,17:08:54.20,10/22/24,1,38
1.000,39.000,38695.612,38685.697,-9.915,17:08:37.80,10/22/24,1,39
1.000,40.000,38690.904,38705.270,14.366,17:08:29.90,10/22/24,1,40
1.000,41.000,38687.424,38659.891,-27.533,17:08:23.10,10/22/24,1,41
1.000,42.000,38682.427,38641.749,-40.678,17:08:16.70,10/22/24,1,42
1.000,43.000,38677.624,38656.206,-21.418,17:08:09.90,10/22/24,1,43
1.000,44.000,38674.256,38625.681,-48.575,17:08:03.00,10/22/24,1,44
1.000,45.000,38684.010,38638.890,-45.120,17:07:54.70,10/22/24,1,45
1.000,46.000,38715.672,38651.633,-64.039,17:07:47.60,10/22/24,1,46
1.000,47.000,38759.383,38703.557,-55.826,17:07:40.60,10/22/24,1,47
1.000,48.000,38809.753,38871.303,61.550,17:07:31.40,10/22/24,1,48
1.000,49.000,38832.192,38876.239,44.047,17:07:23.20,10/22/24,1,49
1.000,50.000,38831.902,38789.463,-42.439,17:07:16.50,10/22/24,1,50
1.000,51.000,38843.181,38820.531,-22.650,17:07:05.60,10/22/24,1,51
1.000,52.000,38854.184,38830.732,-23.452,17:06:53.80,10/22/24,1,52
1.000,53.000,38875.044,38879.047,4.003,17:01:55.10,10/22/24,1,53
1.000,54.000,38902.563,38905.682,3.119,17:01:47.50,10/22/24,1,54
1.000,55.000,38928.684,38980.766,52.082,17:01:35.10,10/22/24,1,55
1.000,56.000,38925.739,38964.233,38.494,17:01:26.10,10/22/24,1,56
1.000,57.000,38902.647,38911.992,9.345,17:01:18.80,10/22/24,1,57
1.000,58.000,38868.996,38869.810,0.814,17:01:11.00,10/22/24,1,58
1.000,59.000,38835.421,38804.205,-31.216,17:01:03.50,10/22/24,1,59
1.000,60.000,38808.724,38774.794,-33.930,17:00:48.70,10/22/24,1,60
0.000,60.000,38813.675,38810.169,-3.506,16:59:43.30,10/22/24,0,60
0.000,59.000,38861.897,38806.886,-55.011,16:59:36.00,10/22/24,0,59
0.000,58.000,38919.467,38975.612,56.145,16:59:27.20,10/22/24,0,58
0.000,57.000,38951.905,39036.850,84.945,16:59:20.20,10/22/24,0,57
0.000,56.000,38963.338,39064.344,101.006,16:59:13.00,10/22/24,0,56
0.000,55.000,38939.864,39011.934,72.070,16:59:05.30,10/22/24,0,55
0.000,54.000,38907.690,38916.765,9.075,16:58:56.00,10/22/24,0,54
0.000,53.000,38882.065,38888.564,6.499,16:58:48.80,10/22/24,0,53
0.000,52.000,38867.386,38858.793,-8.593,16:58:41.20,10/22/24,0,52
0.000,51.000,38856.609,38865.893,9.284,16:58:33.60,10/22/24,0,51
0.000,50.000,38845.658,38854.112,8.454,16:58:25.20,10/22/24,0,50
0.000,49.000,38830.364,38849.334,18.970,16:58:16.80,10/22/24,0,49
0.000,48.000,38794.110,38814.260,20.150,16:58:08.10,10/22/24,0,48
0.000,47.000,38753.587,38727.073,-26.514,16:57:57.00,10/22/24,0,47
0.000,46.000,38715.373,38683.510,-31.863,16:57:49.00,10/22/24,0,46
0.000,45.000,38691.559,38647.308,-44.251,16:57:41.80,10/22/24,0,45
0.000,44.000,38680.713,38601.167,-79.546,16:57:34.50,10/22/24,0,44
0.000,43.000,38688.231,38642.765,-45.466,16:57:25.20,10/22/24,0,43
0.000,42.000,38699.610,38697.111,-2.499,16:57:17.40,10/22/24,0,42
0.000,41.000,38701.849,38697.728,-4.121,16:57:09.80,10/22/24,0,41
0.000,40.000,38689.136,38642.599,-46.537,16:57:01.80,10/22/24,0,40
0.000,39.000,38682.719,38624.340,-58.379,16:56:53.90,10/22/24,0,39
0.000,38.000,38692.891,38646.498,-46.393,16:56:45.30,10/22/24,0,38
0.000,37.000,38718.213,38725.926,7.713,16:56:37.20,10/22/24,0,37
0.000,36.000,38738.482,38850.112,111.630,16:56:29.40,10/22/24,0,36
0.000,35.000,38733.551,38755.859,22.308,16:56:22.70,10/22/24,0,35
0.000,34.000,38723.491,38632.766,-90.725,16:56:14.80,10/22/24,0,34
0.000,33.000,38720.236,38721.707,1.471,16:56:07.50,10/22/24,0,33
0.000,32.000,38708.430,38743.437,35.007,16:55:52.90,10/22/24,0,32
0.000,31.000,38684.816,38728.818,44.002,16:55:38.00,10/22/24,0,31
0.000,30.000,38646.531,38647.399,0.868,16:55:29.70,10/22/24,0,30
0.000,29.000,38605.445,38555.159,-50.286,16:55:22.80,10/22/24,0,29
0.000,28.000,38569.951,38509.276,-60.675,16:55:15.50,10/22/24,0,28
0.000,27.000,38549.705,38493.596,-56.109,16:55:08.30,10/22/24,0,27
0.000,26.000,38530.336,38439.024,-91.312,16:54:59.60,10/22/24,0,26
0.000,25.000,38542.024,38454.596,-87.428,16:54:49.90,10/22/24,0,25
0.000,24.000,38579.648,38555.364,-24.284,16:54:42.00,10/22/24,0,24
0.000,23.000,38623.270,38598.695,-24.575,16:54:33.60,10/22/24,0,23
0.000,22.000,38660.076,38650.089,-9.987,16:54:24.50,10/22/24,0,22
0.000,21.000,38684.132,38693.916,9.784,16:54:15.10,10/22/24,0,21
0.000,20.000,38697.566,38643.822,-53.744,16:54:06.70,10/22/24,0,20
0.000,19.000,38720.295,38707.705,-12.590,16:53:59.60,10/22/24,0,19
0.000,18.000,38752.929,38779.893,26.964,16:53:49.90,10/22/24,0,18
0.000,17.000,38780.088,38763.892,-16.196,16:53:38.60,10/22/24,0,17
0.000,16.000,38798.658,38794.098,-4.560,16:53:27.10,10/22/24,0,16
0.000,15.000,38829.911,38847.474,17.563,16:52:06.10,10/22/24,0,15
0.000,14.000,38848.376,38852.656,4.280,16:51:48.20,10/22/24,0,14
0.000,13.000,38849.271,38872.405,23.134,16:51:34.90,10/22/24,0,13
0.000,12.000,38835.832,38872.817,36.985,16:51:20.30,10/22/24,0,12
0.000,11.000,38808.530,38880.548,72.018,16:51:06.70,10/22/24,0,11
0.000,10.000,38751.361,38805.130,53.769,16:50:51.80,10/22/24,0,10
0.000,9.000,38663.586,38616.701,-46.885,16:50:40.80,10/22/24,0,9
0.000,8.000,38590.136,38523.846,-66.290,16:50:33.20,10/22/24,0,8
0.000,7.000,38546.792,38430.071,-116.721,16:50:25.50,10/22/24,0,7
0.000,6.000,38522.060,38474.305,-47.755,16:50:18.80,10/22/24,0,6
0.000,5.000,38504.921,38415.921,-89.000,16:50:10.60,10/22/24,0,5
0.000,4.000,38501.816,38377.125,-124.691,16:49:58.80,10/22/24,0,4
0.000,3.000,38515.641,38423.230,-92.411,16:49:39.50,10/22/24,0,3
0.000,2.000,38541.806,38428.494,-113.312,16:49:04.10,10/22/24,0,2
0.000,1.000,38569.179,38526.031,-43.148,16:48:38.70,10/22/24,0,1
0.000,0.000,26890.927,26911.107,20.180,16:48:21.40,10/22/24,0,0
